{
  "NVDA": {
    "ticker": "NVDA",
    "predictions": {
      "macd": {
        "Baseline": [
          -2.9051657711333054,
          -2.907506758861858,
          -2.90984774659041,
          -2.912188734318962,
          -2.9145297220475146,
          -2.9168707097760667,
          -2.9192116975046187,
          -2.9215526852331712,
          -2.9238936729617233,
          -2.9262346606902754,
          -2.928575648418828,
          -2.93091663614738,
          -2.933257623875932,
          -2.9355986116044845,
          -2.9379395993330366
        ],
        "ARIMA": [
          -2.565737537581745,
          -2.3347870990765154,
          -2.1941653192842914,
          -2.1183850911550857,
          -2.0886788319386884,
          -2.0765860248442087,
          -2.072854930176332,
          -2.076620380752128,
          -2.0802883208426146,
          -2.083004164330728,
          -2.0872408466937533,
          -2.092263608115534,
          -2.093131433206975,
          -2.093331478396301,
          -2.0948805756412483
        ],
        "LSTM": [
          -2.0560662746429443,
          -2.0318970680236816,
          -2.0595085620880127,
          -1.7965283393859863,
          -1.880269169807434,
          -1.651661992073059,
          -1.416399359703064,
          -1.66504967212677,
          -1.4766043424606323,
          -1.2864434719085693,
          -1.6267660856246948,
          -1.2224916219711304,
          -1.0793464183807373,
          -1.3616235256195068,
          -1.0963515043258667
        ],
        "GRU": [
          -1.7277648448944092,
          -1.6812447309494019,
          -1.4006098508834839,
          -1.3814350366592407,
          -1.371948480606079,
          -1.3401364088058472,
          -1.194799542427063,
          -1.1230219602584839,
          -1.262281894683838,
          -0.7816670536994934,
          -0.989215612411499,
          -0.526940643787384,
          -0.9203508496284485,
          -0.959442675113678,
          -0.9340123534202576
        ],
        "Transformer": [
          -2.414947032928467,
          -1.689839482307434,
          -1.688223123550415,
          -0.9207091331481934,
          -1.4992774724960327,
          -1.3680071830749512,
          -0.8011484742164612,
          -0.7677705883979797,
          -1.1680995225906372,
          -0.5950205326080322,
          -1.374929666519165,
          -1.2430592775344849,
          -1.4197802543640137,
          -1.4821950197219849,
          -0.5962400436401367
        ],
        "Ensemble": [
          -2.0662593841552734,
          -1.8009937604268391,
          -1.7161138455073037,
          -1.3662241697311401,
          -1.5838317076365152,
          -1.4532685279846191,
          -1.1374491254488626,
          -1.1852807402610779,
          -1.3023285865783691,
          -0.8877103527386982,
          -1.3303037881851196,
          -0.9974971810976663,
          -1.1398258407910664,
          -1.2677537401517232,
          -0.8755346337954203
        ]
      },
      "stoch": {
        "Baseline": [
          47.03808024852213,
          47.03568967567993,
          47.033299102837745,
          47.03090852999555,
          47.028517957153355,
          47.02612738431116,
          47.02373681146897,
          47.021346238626776,
          47.01895566578458,
          47.016565092942386,
          47.01417452010019,
          47.011783947258,
          47.00939337441581,
          47.00700280157361,
          47.00461222873142
        ],
        "ARIMA": [
          50.16173579156098,
          49.331873549223914,
          45.402230514332174,
          43.555713762075946,
          43.783765209967335,
          44.53284531423727,
          45.12422075207267,
          45.18873287676925,
          45.012597813701404,
          44.86138379962932,
          44.81478064409068,
          44.84744715887988,
          44.887893536082856,
          44.90450079088032,
          44.90192884464947
        ],
        "LSTM": [
          70.3346939086914,
          69.94412231445312,
          67.4654541015625,
          70.2964859008789,
          71.39569854736328,
          71.6531982421875,
          70.01666259765625,
          72.79296112060547,
          70.82415771484375,
          76.53157043457031,
          69.60199737548828,
          74.9614486694336,
          66.99235534667969,
          62.9145622253418,
          68.27326965332031
        ],
        "GRU": [
          64.51741790771484,
          70.33702850341797,
          64.47640228271484,
          59.302345275878906,
          64.11811828613281,
          63.383445739746094,
          63.82761764526367,
          65.74331665039062,
          68.51907348632812,
          56.21723937988281,
          59.8878288269043,
          60.70109558105469,
          49.3637580871582,
          48.50267791748047,
          48.739585876464844
        ],
        "Transformer": [
          56.126041412353516,
          60.22263717651367,
          60.371246337890625,
          61.629573822021484,
          65.25071716308594,
          63.404048919677734,
          66.61759185791016,
          63.51752471923828,
          59.74695587158203,
          58.44031524658203,
          58.46824645996094,
          64.8263168334961,
          55.5041389465332,
          56.206809997558594,
          57.66010665893555
        ],
        "Ensemble": [
          63.65938440958658,
          66.83459599812825,
          64.10436757405598,
          63.742801666259766,
          66.921511332194,
          66.14689763387044,
          66.82062403361002,
          67.35126749674478,
          66.36339569091797,
          63.72970835367838,
          62.65269088745117,
          66.82962036132812,
          57.286750793457024,
          55.87468338012695,
          58.22432072957356
        ]
      }
    },
    "metrics": [
      {
        "Mod\u00e8le": "LSTM",
        "Tendance MACD (%)": 71.4,
        "Corr\u00e9lation MACD": 0.915,
        "MAE MACD": 4.1347,
        "RMSE MACD": 4.9482,
        "Tendance Stoch (%)": 57.1,
        "Corr\u00e9lation Stoch": 0.1726,
        "MAE Stoch": 21.1361,
        "RMSE Stoch": 22.3636,
        "Score combin\u00e9": 0.5933
      },
      {
        "Mod\u00e8le": "GRU",
        "Tendance MACD (%)": 78.6,
        "Corr\u00e9lation MACD": 0.8971,
        "MAE MACD": 3.8244,
        "RMSE MACD": 4.6277,
        "Tendance Stoch (%)": 64.3,
        "Corr\u00e9lation Stoch": -0.3651,
        "MAE Stoch": 30.1703,
        "RMSE Stoch": 32.6136,
        "Score combin\u00e9": 0.5814
      },
      {
        "Mod\u00e8le": "Transformer",
        "Tendance MACD (%)": 71.4,
        "Corr\u00e9lation MACD": 0.5399,
        "MAE MACD": 3.8206,
        "RMSE MACD": 4.7367,
        "Tendance Stoch (%)": 71.4,
        "Corr\u00e9lation Stoch": 0.2795,
        "MAE Stoch": 28.0476,
        "RMSE Stoch": 30.6226,
        "Score combin\u00e9": 0.562
      },
      {
        "Mod\u00e8le": "Ensemble",
        "Tendance MACD (%)": 64.3,
        "Corr\u00e9lation MACD": 0.8533,
        "MAE MACD": 3.9244,
        "RMSE MACD": 4.7658,
        "Tendance Stoch (%)": 64.3,
        "Corr\u00e9lation Stoch": -0.0871,
        "MAE Stoch": 26.3285,
        "RMSE Stoch": 28.3499,
        "Score combin\u00e9": 0.5348
      },
      {
        "Mod\u00e8le": "ARIMA",
        "Tendance MACD (%)": 50.0,
        "Corr\u00e9lation MACD": 0.6492,
        "MAE MACD": 4.6314,
        "RMSE MACD": 5.5338,
        "Tendance Stoch (%)": 42.9,
        "Corr\u00e9lation Stoch": -0.8309,
        "MAE Stoch": 42.931,
        "RMSE Stoch": 45.42,
        "Score combin\u00e9": 0.3944
      },
      {
        "Mod\u00e8le": "Baseline",
        "Tendance MACD (%)": 7.1,
        "Corr\u00e9lation MACD": -0.9848,
        "MAE MACD": 5.4095,
        "RMSE MACD": 6.2457,
        "Tendance Stoch (%)": 35.7,
        "Corr\u00e9lation Stoch": -0.7341,
        "MAE Stoch": 41.3304,
        "RMSE Stoch": 43.4286,